mode,page_size,request_number,status_code,duration_ms
naive,10,1,200,14.882
naive,10,2,200,7.872
naive,10,3,200,5.01
naive,10,4,200,4.182
naive,10,5,200,3.194
naive,10,6,200,3.45
naive,10,7,200,4.298
naive,10,8,200,4.396
naive,10,9,200,4.405
naive,10,10,200,4.414
naive,10,11,200,3.323
naive,10,12,200,4.571
naive,10,13,200,5.377
naive,10,14,200,4.687
naive,10,15,200,5.016
naive,10,16,200,3.848
naive,10,17,200,4.115
naive,10,18,200,3.795
naive,10,19,200,4.63
naive,10,20,200,4.221
naive,10,21,200,4.52
naive,10,22,200,4.089
naive,10,23,200,4.276
naive,10,24,200,4.181
naive,10,25,200,4.364
naive,10,26,200,4.004
naive,10,27,200,4.286
naive,10,28,200,4.421
naive,10,29,200,4.296
naive,10,30,200,4.269
naive,50,1,200,14.775
naive,50,2,200,13.137
naive,50,3,200,12.824
naive,50,4,200,12.067
naive,50,5,200,16.611
naive,50,6,200,12.844
naive,50,7,200,10.322
naive,50,8,200,10.944
naive,50,9,200,10.924
naive,50,10,200,9.703
naive,50,11,200,8.868
naive,50,12,200,8.793
naive,50,13,200,9.551
naive,50,14,200,9.276
naive,50,15,200,10.036
naive,50,16,200,9.816
naive,50,17,200,10.655
naive,50,18,200,10.745
naive,50,19,200,10.545
naive,50,20,200,10.276
naive,50,21,200,11.138
naive,50,22,200,10.114
naive,50,23,200,9.775
naive,50,24,200,9.462
naive,50,25,200,10.288
naive,50,26,200,9.652
naive,50,27,200,9.968
naive,50,28,200,9.658
naive,50,29,200,9.516
naive,50,30,200,9.465
naive,200,1,200,34.138
naive,200,2,200,31.391
naive,200,3,200,33.273
naive,200,4,200,69.083
naive,200,5,200,32.014
naive,200,6,200,32.564
naive,200,7,200,33.325
naive,200,8,200,31.849
naive,200,9,200,31.785
naive,200,10,200,35.992
naive,200,11,200,32.978
naive,200,12,200,33.022
naive,200,13,200,32.893
naive,200,14,200,32.761
naive,200,15,200,33.053
naive,200,16,200,35.233
naive,200,17,200,33.509
naive,200,18,200,32.962
naive,200,19,200,32.088
naive,200,20,200,32.53
naive,200,21,200,32.721
naive,200,22,200,33.201
naive,200,23,200,32.191
naive,200,24,200,32.737
naive,200,25,200,32.47
naive,200,26,200,41.94
naive,200,27,200,32.615
naive,200,28,200,33.183
naive,200,29,200,32.627
naive,200,30,200,32.159
fixed,10,1,200,3.205
fixed,10,2,200,2.026
fixed,10,3,200,2.389
fixed,10,4,200,2.015
fixed,10,5,200,2.121
fixed,10,6,200,2.139
fixed,10,7,200,1.867
fixed,10,8,200,2.161
fixed,10,9,200,1.97
fixed,10,10,200,1.778
fixed,10,11,200,1.99
fixed,10,12,200,1.938
fixed,10,13,200,1.832
fixed,10,14,200,1.763
fixed,10,15,200,1.859
fixed,10,16,200,2.043
fixed,10,17,200,1.848
fixed,10,18,200,1.848
fixed,10,19,200,1.794
fixed,10,20,200,1.672
fixed,10,21,200,1.903
fixed,10,22,200,1.81
fixed,10,23,200,1.729
fixed,10,24,200,1.837
fixed,10,25,200,1.886
fixed,10,26,200,1.819
fixed,10,27,200,1.746
fixed,10,28,200,1.757
fixed,10,29,200,1.859
fixed,10,30,200,2.024
fixed,50,1,200,3.411
fixed,50,2,200,3.476
fixed,50,3,200,3.788
fixed,50,4,200,3.456
fixed,50,5,200,3.705
fixed,50,6,200,3.413
fixed,50,7,200,3.541
fixed,50,8,200,3.258
fixed,50,9,200,3.334
fixed,50,10,200,3.287
fixed,50,11,200,3.232
fixed,50,12,200,3.229
fixed,50,13,200,3.286
fixed,50,14,200,3.22
fixed,50,15,200,4.012
fixed,50,16,200,3.383
fixed,50,17,200,3.684
fixed,50,18,200,3.359
fixed,50,19,200,3.383
fixed,50,20,200,3.336
fixed,50,21,200,3.46
fixed,50,22,200,3.298
fixed,50,23,200,3.332
fixed,50,24,200,3.225
fixed,50,25,200,3.271
fixed,50,26,200,3.163
fixed,50,27,200,3.338
fixed,50,28,200,3.206
fixed,50,29,200,3.333
fixed,50,30,200,3.315
fixed,200,1,200,8.741
fixed,200,2,200,9.122
fixed,200,3,200,9.169
fixed,200,4,200,9.827
fixed,200,5,200,9.687
fixed,200,6,200,11.334
fixed,200,7,200,10.344
fixed,200,8,200,9.762
fixed,200,9,200,9.519
fixed,200,10,200,9.58
fixed,200,11,200,9.675
fixed,200,12,200,9.518
fixed,200,13,200,9.234
fixed,200,14,200,9.103
fixed,200,15,200,9.368
fixed,200,16,200,19.686
fixed,200,17,200,10.024
fixed,200,18,200,10.227
fixed,200,19,200,9.794
fixed,200,20,200,10.139
fixed,200,21,200,9.721
fixed,200,22,200,9.984
fixed,200,23,200,9.986
fixed,200,24,200,9.869
fixed,200,25,200,10.043
fixed,200,26,200,9.803
fixed,200,27,200,9.935
fixed,200,28,200,9.87
fixed,200,29,200,9.959
fixed,200,30,200,10.024
