technique,query_id,top1_cosine,mean_at_k_cosine,recall_at_k,retrieval_latency_ms
semantic,q1,0.7237979769706726,0.6525853872299194,1,9.028333006426692
semantic,q2,0.7383747696876526,0.6989430546760559,1,10.85337484255433
semantic,q3,0.7524284720420837,0.662898850440979,1,9.00716707110405
semantic,q4,0.6636068820953369,0.6034970819950104,1,8.80175014026463
semantic,q5,0.8083747029304504,0.7402810215950012,1,9.26583306863904
sentence_window,q1,0.7421788573265076,0.650316035747528,1,40.89579195715487
sentence_window,q2,0.7054944634437561,0.6485841274261475,1,34.30275013670325
sentence_window,q3,0.7481600642204285,0.6855907201766968,1,35.39537498727441
sentence_window,q4,0.6678645014762878,0.5785281598567963,1,35.94770818017423
sentence_window,q5,0.7520291209220886,0.694395101070404,1,36.5056658629328
token,q1,0.7261850833892822,0.6960278034210206,1,10.127834044396877
token,q2,0.7284975051879883,0.7034512042999268,1,8.926374837756157
token,q3,0.7270017266273499,0.6577178835868835,1,9.782333159819245
token,q4,0.6884933710098267,0.6339146614074707,1,10.390958050265908
token,q5,0.7634614109992981,0.7410496711730957,1,9.625625098124146
