technique,query_id,query,expected_source_file,embedding_model,embedding_dimension,query_embedding_first_8,query_vector_shape,document_vectors_shape,retrieval_latency_ms,rank,store_score,cosine_sim,chunk_len,context_len,preview,source_file,page_number,source_match
token,q1,"What is the maximum security deposit a California landlord may generally charge, and what exception applies to qualifying small landlords?",corpus/hw03/ca_landlord_tenant_guide_2026.pdf,sentence-transformers/all-MiniLM-L6-v2,384,"[0.136349618434906, 0.020249418914318085, -0.025697939097881317, 0.04742516204714775, 0.008216301910579205, 0.02836373820900917, 0.006583324167877436, -0.01705320179462433]",[384],"[5, 384]",10.127834044396877,1,0.7261851033836567,0.7261850833892822,1163,1163,"35 security deposit, unless the landlord uses the deposit for a lawful purpose, as described on pages 75-78. Almost all landlords charge tenants a security depo",corpus/hw03/ca_landlord_tenant_guide_2026.pdf,41,True
token,q1,"What is the maximum security deposit a California landlord may generally charge, and what exception applies to qualifying small landlords?",corpus/hw03/ca_landlord_tenant_guide_2026.pdf,sentence-transformers/all-MiniLM-L6-v2,384,"[0.136349618434906, 0.020249418914318085, -0.025697939097881317, 0.04742516204714775, 0.008216301910579205, 0.02836373820900917, 0.006583324167877436, -0.01705320179462433]",[384],"[5, 384]",10.127834044396877,2,0.7063467415228485,0.7063467502593994,1260,1260,allowance for an additional pet deposit for tenants living with a service or emotional support animal. Regardless of the landlord’s justification or name for an,corpus/hw03/ca_landlord_tenant_guide_2026.pdf,41,True
token,q1,"What is the maximum security deposit a California landlord may generally charge, and what exception applies to qualifying small landlords?",corpus/hw03/ca_landlord_tenant_guide_2026.pdf,sentence-transformers/all-MiniLM-L6-v2,384,"[0.136349618434906, 0.020249418914318085, -0.025697939097881317, 0.04742516204714775, 0.008216301910579205, 0.02836373820900917, 0.006583324167877436, -0.01705320179462433]",[384],"[5, 384]",10.127834044396877,3,0.7006436502683454,0.7006436586380005,282,282,small landlords ( as defined on page 35) can only charge a service member up to one month’s rent for a security deposit unlike the greater security deposit amou,corpus/hw03/ca_landlord_tenant_guide_2026.pdf,42,True
token,q1,"What is the maximum security deposit a California landlord may generally charge, and what exception applies to qualifying small landlords?",corpus/hw03/ca_landlord_tenant_guide_2026.pdf,sentence-transformers/all-MiniLM-L6-v2,384,"[0.136349618434906, 0.020249418914318085, -0.025697939097881317, 0.04742516204714775, 0.008216301910579205, 0.02836373820900917, 0.006583324167877436, -0.01705320179462433]",[384],"[5, 384]",10.127834044396877,4,0.679880135758269,0.6798801422119141,543,543,", in addition to the $ 1,000 security deposit. This is because the first month’s rent and the application screening fee are not part of the security deposit. • ",corpus/hw03/ca_landlord_tenant_guide_2026.pdf,41,True
token,q1,"What is the maximum security deposit a California landlord may generally charge, and what exception applies to qualifying small landlords?",corpus/hw03/ca_landlord_tenant_guide_2026.pdf,sentence-transformers/all-MiniLM-L6-v2,384,"[0.136349618434906, 0.020249418914318085, -0.025697939097881317, 0.04742516204714775, 0.008216301910579205, 0.02836373820900917, 0.006583324167877436, -0.01705320179462433]",[384],"[5, 384]",10.127834044396877,5,0.6670833819516718,0.6670833826065063,1236,1236,"through a property management website) if the tenant paid for their security deposit or made rental payments by a digital payment method , unless the tenant and",corpus/hw03/ca_landlord_tenant_guide_2026.pdf,42,True
token,q2,How long does a California landlord have after a tenant moves out to return the security deposit or provide an itemized statement of deductions?,corpus/hw03/ca_landlord_tenant_guide_2026.pdf,sentence-transformers/all-MiniLM-L6-v2,384,"[0.05889129266142845, 0.034048229455947876, 0.02953071892261505, 0.043535515666007996, 0.019900131970643997, 0.0047522904351353645, -0.03806595131754875, -0.04374045506119728]",[384],"[5, 384]",8.926374837756157,1,0.7284974871526823,0.7284975051879883,575,575,"a landlord is required to take photographs of a rental unit within a reasonable time after the tenant has returned possession of the unit to the landlord , but ",corpus/hw03/ca_landlord_tenant_guide_2026.pdf,82,True
token,q2,How long does a California landlord have after a tenant moves out to return the security deposit or provide an itemized statement of deductions?,corpus/hw03/ca_landlord_tenant_guide_2026.pdf,sentence-transformers/all-MiniLM-L6-v2,384,"[0.05889129266142845, 0.034048229455947876, 0.02953071892261505, 0.043535515666007996, 0.019900131970643997, 0.0047522904351353645, -0.03806595131754875, -0.04374045506119728]",[384],"[5, 384]",8.926374837756157,2,0.718336189817673,0.7183362245559692,1241,1241,"80 • The parties have not agreed on a date and time, and the tenant withdraws the request for the inspection, in which case the inspection will not be conducted",corpus/hw03/ca_landlord_tenant_guide_2026.pdf,86,True
token,q2,How long does a California landlord have after a tenant moves out to return the security deposit or provide an itemized statement of deductions?,corpus/hw03/ca_landlord_tenant_guide_2026.pdf,sentence-transformers/all-MiniLM-L6-v2,384,"[0.05889129266142845, 0.034048229455947876, 0.02953071892261505, 0.043535515666007996, 0.019900131970643997, 0.0047522904351353645, -0.03806595131754875, -0.04374045506119728]",[384],"[5, 384]",8.926374837756157,3,0.6918846499031545,0.6918846964836121,1220,1220,also gives you a copy of the required sections of the security deposit statute. The itemized statement lists the following: • Repair cigarette burns on windowsi,corpus/hw03/ca_landlord_tenant_guide_2026.pdf,88,True
token,q2,How long does a California landlord have after a tenant moves out to return the security deposit or provide an itemized statement of deductions?,corpus/hw03/ca_landlord_tenant_guide_2026.pdf,sentence-transformers/all-MiniLM-L6-v2,384,"[0.05889129266142845, 0.034048229455947876, 0.02953071892261505, 0.043535515666007996, 0.019900131970643997, 0.0047522904351353645, -0.03806595131754875, -0.04374045506119728]",[384],"[5, 384]",8.926374837756157,4,0.6906804974204782,0.6906805038452148,863,863,81 • That was not identified during the initial inspection due to the presence of the tenant’s possessions. 364 Any deduction must be reasonable in amount and m,corpus/hw03/ca_landlord_tenant_guide_2026.pdf,87,True
token,q2,How long does a California landlord have after a tenant moves out to return the security deposit or provide an itemized statement of deductions?,corpus/hw03/ca_landlord_tenant_guide_2026.pdf,sentence-transformers/all-MiniLM-L6-v2,384,"[0.05889129266142845, 0.034048229455947876, 0.02953071892261505, 0.043535515666007996, 0.019900131970643997, 0.0047522904351353645, -0.03806595131754875, -0.04374045506119728]",[384],"[5, 384]",8.926374837756157,5,0.687857140940799,0.6878570914268494,1203,1203,"76 month’s rent, as security deposit.335 REFUND OF SECURITY DEPOSITS Common problems and how to avoid them One of the most common disagreements between landlord",corpus/hw03/ca_landlord_tenant_guide_2026.pdf,82,True
token,q3,May a California housing provider charge a pet deposit or extra rent for an assistance animal needed because of a disability?,corpus/hw03/ca_fair_housing_rights_booklet.pdf,sentence-transformers/all-MiniLM-L6-v2,384,"[0.018302608281373978, 0.005099670961499214, 0.06726841628551483, 0.07940012961626053, -0.044557079672813416, 0.061520546674728394, 0.0023757307790219784, -0.05217330530285835]",[384],"[5, 384]",9.782333159819245,1,0.7270016414537759,0.7270017266273499,1266,1266,6. Assistance Animals 12 13 You Have The Right To Your Assistance Animal Housing providers must allow you to keep or acquire an assistance animal if necessary a,corpus/hw03/ca_fair_housing_rights_booklet.pdf,7,True
token,q3,May a California housing provider charge a pet deposit or extra rent for an assistance animal needed because of a disability?,corpus/hw03/ca_fair_housing_rights_booklet.pdf,sentence-transformers/all-MiniLM-L6-v2,384,"[0.018302608281373978, 0.005099670961499214, 0.06726841628551483, 0.07940012961626053, -0.044557079672813416, 0.061520546674728394, 0.0023757307790219784, -0.05217330530285835]",[384],"[5, 384]",9.782333159819245,2,0.7246841444184361,0.7246842384338379,1276,1276,"policy or practice - which the property owner cannot charge for, even if they involve some costs. As a condition of making certain modifications, the landlord m",corpus/hw03/ca_landlord_tenant_guide_2026.pdf,36,False
token,q3,May a California housing provider charge a pet deposit or extra rent for an assistance animal needed because of a disability?,corpus/hw03/ca_fair_housing_rights_booklet.pdf,sentence-transformers/all-MiniLM-L6-v2,384,"[0.018302608281373978, 0.005099670961499214, 0.06726841628551483, 0.07940012961626053, -0.044557079672813416, 0.061520546674728394, 0.0023757307790219784, -0.05217330530285835]",[384],"[5, 384]",9.782333159819245,3,0.6348559115328007,0.6348559856414795,1344,1344,"30 Alterations to Accommodate a Tenant with a Disability Under fair housing laws, housing providers must make reasonable exceptions to neutral policies, practic",corpus/hw03/ca_landlord_tenant_guide_2026.pdf,36,False
token,q3,May a California housing provider charge a pet deposit or extra rent for an assistance animal needed because of a disability?,corpus/hw03/ca_fair_housing_rights_booklet.pdf,sentence-transformers/all-MiniLM-L6-v2,384,"[0.018302608281373978, 0.005099670961499214, 0.06726841628551483, 0.07940012961626053, -0.044557079672813416, 0.061520546674728394, 0.0023757307790219784, -0.05217330530285835]",[384],"[5, 384]",9.782333159819245,4,0.6089342732729638,0.6089342832565308,1141,1141,"28 The written rental agreement should contain key terms, such as the following: • The names of the landlord and the tenant. • The address of the rental unit. •",corpus/hw03/ca_landlord_tenant_guide_2026.pdf,34,False
token,q3,May a California housing provider charge a pet deposit or extra rent for an assistance animal needed because of a disability?,corpus/hw03/ca_fair_housing_rights_booklet.pdf,sentence-transformers/all-MiniLM-L6-v2,384,"[0.018302608281373978, 0.005099670961499214, 0.06726841628551483, 0.07940012961626053, -0.044557079672813416, 0.061520546674728394, 0.0023757307790219784, -0.05217330530285835]",[384],"[5, 384]",9.782333159819245,5,0.5931131393996388,0.5931131839752197,1260,1260,allowance for an additional pet deposit for tenants living with a service or emotional support animal. Regardless of the landlord’s justification or name for an,corpus/hw03/ca_landlord_tenant_guide_2026.pdf,41,False
token,q4,What must happen when a California residential lease is negotiated in a language other than English?,corpus/hw03/ca_fair_housing_rights_booklet.pdf,sentence-transformers/all-MiniLM-L6-v2,384,"[0.05572320520877838, 0.017491551116108894, -0.0056902337819337845, -0.02428814023733139, -0.11797232180833817, 0.07887930423021317, 0.03192397207021713, -0.07747972011566162]",[384],"[5, 384]",10.390958050265908,1,0.6884933161920738,0.6884933710098267,1244,1244,"is a water submeter for the rental unit.105 TRANSLATION OF PROPOSED RENTAL AGREEMENT Although most lease negotiations are conducted in English, English may not ",corpus/hw03/ca_landlord_tenant_guide_2026.pdf,32,False
token,q4,What must happen when a California residential lease is negotiated in a language other than English?,corpus/hw03/ca_fair_housing_rights_booklet.pdf,sentence-transformers/all-MiniLM-L6-v2,384,"[0.05572320520877838, 0.017491551116108894, -0.0056902337819337845, -0.02428814023733139, -0.11797232180833817, 0.07887930423021317, 0.03192397207021713, -0.07747972011566162]",[384],"[5, 384]",10.390958050265908,2,0.659609694141358,0.6596097350120544,1193,1193,"27 landlord must provide the tenant with the written translation of the rental agreement prior to the execution, or signing, of the rental agreement. However, t",corpus/hw03/ca_landlord_tenant_guide_2026.pdf,33,False
token,q4,What must happen when a California residential lease is negotiated in a language other than English?,corpus/hw03/ca_fair_housing_rights_booklet.pdf,sentence-transformers/all-MiniLM-L6-v2,384,"[0.05572320520877838, 0.017491551116108894, -0.0056902337819337845, -0.02428814023733139, -0.11797232180833817, 0.07887930423021317, 0.03192397207021713, -0.07747972011566162]",[384],"[5, 384]",10.390958050265908,3,0.6159134342443225,0.6159135103225708,720,720,"Vietnamese, and Korean. A tenant who has made a payment to a utility pursuant to Public Utilities Code §§ 777, 777.1, 10009, 10009.1, 12822, 12822.1, or 16481 m",corpus/hw03/ca_landlord_tenant_guide_2026.pdf,144,False
token,q4,What must happen when a California residential lease is negotiated in a language other than English?,corpus/hw03/ca_fair_housing_rights_booklet.pdf,sentence-transformers/all-MiniLM-L6-v2,384,"[0.05572320520877838, 0.017491551116108894, -0.0056902337819337845, -0.02428814023733139, -0.11797232180833817, 0.07887930423021317, 0.03192397207021713, -0.07747972011566162]",[384],"[5, 384]",10.390958050265908,4,0.6119424131295891,0.6119424700737,1008,1008,"4. Roommates 10 11 If You Have Room, You Have The Right To Roommates Occupancy standards — limiting the number of people who can live together — can be discrimi",corpus/hw03/ca_fair_housing_rights_booklet.pdf,6,True
token,q4,What must happen when a California residential lease is negotiated in a language other than English?,corpus/hw03/ca_fair_housing_rights_booklet.pdf,sentence-transformers/all-MiniLM-L6-v2,384,"[0.05572320520877838, 0.017491551116108894, -0.0056902337819337845, -0.02428814023733139, -0.11797232180833817, 0.07887930423021317, 0.03192397207021713, -0.07747972011566162]",[384],"[5, 384]",10.390958050265908,5,0.5936141027919947,0.5936142206192017,282,282,"agreement, but may retain elements in English such as names, addresses, numerals, dollar amounts and dates. It is never acceptable for the landlord to give the ",corpus/hw03/ca_landlord_tenant_guide_2026.pdf,32,False
token,q5,How long after an alleged housing discrimination incident occurs or ends does a person have to file a complaint with HUD?,corpus/hw03/hud_fair_housing_booklet.pdf,sentence-transformers/all-MiniLM-L6-v2,384,"[-0.03255224600434303, 0.010403217747807503, 0.03188278153538704, 0.04800838977098465, 0.046332065016031265, -0.02068500407040119, -0.08861401677131653, -0.08840128779411316]",[384],"[5, 384]",9.625625098124146,1,0.7634614570927768,0.7634614109992981,924,924,a private civil lawsuit without first filing a complaint with HUD. You must file your lawsuit within two (2) years of the most recent date of alleged discrimina,corpus/hw03/hud_fair_housing_booklet.pdf,18,True
token,q5,How long after an alleged housing discrimination incident occurs or ends does a person have to file a complaint with HUD?,corpus/hw03/hud_fair_housing_booklet.pdf,sentence-transformers/all-MiniLM-L6-v2,384,"[-0.03255224600434303, 0.010403217747807503, 0.03188278153538704, 0.04800838977098465, 0.046332065016031265, -0.02068500407040119, -0.08861401677131653, -0.08840128779411316]",[384],"[5, 384]",9.625625098124146,2,0.7561006761469174,0.756100594997406,618,618,"of the filing of your complaint, and allow the respondent time to submit a written answer to the complaint. • Investigate your complaint, and determine whether ",corpus/hw03/hud_fair_housing_booklet.pdf,14,True
token,q5,How long after an alleged housing discrimination incident occurs or ends does a person have to file a complaint with HUD?,corpus/hw03/hud_fair_housing_booklet.pdf,sentence-transformers/all-MiniLM-L6-v2,384,"[-0.03255224600434303, 0.010403217747807503, 0.03188278153538704, 0.04800838977098465, 0.046332065016031265, -0.02068500407040119, -0.08861401677131653, -0.08840128779411316]",[384],"[5, 384]",9.625625098124146,3,0.7403097918545999,0.7403098344802856,1230,1230,FAIR HOUSING Equal Opportunity for All • Irreparable (irreversible) harm or injury to housing rights is likely to occur without HUD’s intervention; and • There ,corpus/hw03/hud_fair_housing_booklet.pdf,16,True
token,q5,How long after an alleged housing discrimination incident occurs or ends does a person have to file a complaint with HUD?,corpus/hw03/hud_fair_housing_booklet.pdf,sentence-transformers/all-MiniLM-L6-v2,384,"[-0.03255224600434303, 0.010403217747807503, 0.03188278153538704, 0.04800838977098465, 0.046332065016031265, -0.02068500407040119, -0.08861401677131653, -0.08840128779411316]",[384],"[5, 384]",9.625625098124146,4,0.7386227355799136,0.7386226654052734,1020,1020,"that agency for investigation, and must promptly notify you of the referral. The State or local agency will investigate your complaint under the “substantially ",corpus/hw03/hud_fair_housing_booklet.pdf,15,True
token,q5,How long after an alleged housing discrimination incident occurs or ends does a person have to file a complaint with HUD?,corpus/hw03/hud_fair_housing_booklet.pdf,sentence-transformers/all-MiniLM-L6-v2,384,"[-0.03255224600434303, 0.010403217747807503, 0.03188278153538704, 0.04800838977098465, 0.046332065016031265, -0.02068500407040119, -0.08861401677131653, -0.08840128779411316]",[384],"[5, 384]",9.625625098124146,5,0.7067538340698416,0.7067538499832153,1096,1096,FAIR HOUSING Equal Opportunity for All Determination of No Reasonable Cause and Dismissal: If HUD finds that there is no reasonable cause to believe that the re,corpus/hw03/hud_fair_housing_booklet.pdf,18,True
semantic,q1,"What is the maximum security deposit a California landlord may generally charge, and what exception applies to qualifying small landlords?",corpus/hw03/ca_landlord_tenant_guide_2026.pdf,sentence-transformers/all-MiniLM-L6-v2,384,"[0.136349618434906, 0.020249418914318085, -0.025697939097881317, 0.04742516204714775, 0.008216301910579205, 0.02836373820900917, 0.006583324167877436, -0.01705320179462433]",[384],"[5, 384]",9.028333006426692,1,0.7237980215512273,0.7237979769706726,1761,1761,"35 security deposit, unless the landlord uses the deposit for a lawful purpose, as described on pages 75-78. Almost all landlords charge tenants a security depo",corpus/hw03/ca_landlord_tenant_guide_2026.pdf,41,True
semantic,q1,"What is the maximum security deposit a California landlord may generally charge, and what exception applies to qualifying small landlords?",corpus/hw03/ca_landlord_tenant_guide_2026.pdf,sentence-transformers/all-MiniLM-L6-v2,384,"[0.136349618434906, 0.020249418914318085, -0.025697939097881317, 0.04742516204714775, 0.008216301910579205, 0.02836373820900917, 0.006583324167877436, -0.01705320179462433]",[384],"[5, 384]",9.028333006426692,2,0.6629399915982647,0.6629399657249451,748,748,"Code § 1950.6. The maximum fee is adjusted each year based on changes in the Consumer Price Index since January 1, 1998. As of December 2023, the maximum allowa",corpus/hw03/ca_landlord_tenant_guide_2026.pdf,142,True
semantic,q1,"What is the maximum security deposit a California landlord may generally charge, and what exception applies to qualifying small landlords?",corpus/hw03/ca_landlord_tenant_guide_2026.pdf,sentence-transformers/all-MiniLM-L6-v2,384,"[0.136349618434906, 0.020249418914318085, -0.025697939097881317, 0.04742516204714775, 0.008216301910579205, 0.02836373820900917, 0.006583324167877436, -0.01705320179462433]",[384],"[5, 384]",9.028333006426692,3,0.6434692192000122,0.6434692144393921,2025,2025,"76 month’s rent, as security deposit.335 REFUND OF SECURITY DEPOSITS Common problems and how to avoid them One of the most common disagreements between landlord",corpus/hw03/ca_landlord_tenant_guide_2026.pdf,82,True
semantic,q1,"What is the maximum security deposit a California landlord may generally charge, and what exception applies to qualifying small landlords?",corpus/hw03/ca_landlord_tenant_guide_2026.pdf,sentence-transformers/all-MiniLM-L6-v2,384,"[0.136349618434906, 0.020249418914318085, -0.025697939097881317, 0.04742516204714775, 0.008216301910579205, 0.02836373820900917, 0.006583324167877436, -0.01705320179462433]",[384],"[5, 384]",9.028333006426692,4,0.6178116622087889,0.6178116798400879,1707,1707,The landlord will almost always be able to insist a tenant pay rent for their last month or partial portion thereof. EXCEPTION: Application screening fee The la,corpus/hw03/ca_landlord_tenant_guide_2026.pdf,41,True
semantic,q1,"What is the maximum security deposit a California landlord may generally charge, and what exception applies to qualifying small landlords?",corpus/hw03/ca_landlord_tenant_guide_2026.pdf,sentence-transformers/all-MiniLM-L6-v2,384,"[0.136349618434906, 0.020249418914318085, -0.025697939097881317, 0.04742516204714775, 0.008216301910579205, 0.02836373820900917, 0.006583324167877436, -0.01705320179462433]",[384],"[5, 384]",9.028333006426692,5,0.6149080904930252,0.6149080991744995,783,783,"Code § 1950.5(k). Exception: Pursuant to Civil Code section 1050.5(j)(3), if the new landlord acted in the good faith belief based upon an inquiry and reasonabl",corpus/hw03/ca_landlord_tenant_guide_2026.pdf,151,True
semantic,q2,How long does a California landlord have after a tenant moves out to return the security deposit or provide an itemized statement of deductions?,corpus/hw03/ca_landlord_tenant_guide_2026.pdf,sentence-transformers/all-MiniLM-L6-v2,384,"[0.05889129266142845, 0.034048229455947876, 0.02953071892261505, 0.043535515666007996, 0.019900131970643997, 0.0047522904351353645, -0.03806595131754875, -0.04374045506119728]",[384],"[5, 384]",10.85337484255433,1,0.7383747148990517,0.7383747696876526,587,587,"As of 2025, a landlord is required to take photographs of a rental unit within a reasonable time after the tenant has returned possession of the unit to the lan",corpus/hw03/ca_landlord_tenant_guide_2026.pdf,82,True
semantic,q2,How long does a California landlord have after a tenant moves out to return the security deposit or provide an itemized statement of deductions?,corpus/hw03/ca_landlord_tenant_guide_2026.pdf,sentence-transformers/all-MiniLM-L6-v2,384,"[0.05889129266142845, 0.034048229455947876, 0.02953071892261505, 0.043535515666007996, 0.019900131970643997, 0.0047522904351353645, -0.03806595131754875, -0.04374045506119728]",[384],"[5, 384]",10.85337484255433,2,0.6944279580276769,0.694428026676178,748,748,364 Any deduction must be reasonable in amount and must be for a purpose permitted by the security deposit statute. 365 Twenty-one calendar days (or less) after,corpus/hw03/ca_landlord_tenant_guide_2026.pdf,87,True
semantic,q2,How long does a California landlord have after a tenant moves out to return the security deposit or provide an itemized statement of deductions?,corpus/hw03/ca_landlord_tenant_guide_2026.pdf,sentence-transformers/all-MiniLM-L6-v2,384,"[0.05889129266142845, 0.034048229455947876, 0.02953071892261505, 0.043535515666007996, 0.019900131970643997, 0.0047522904351353645, -0.03806595131754875, -0.04374045506119728]",[384],"[5, 384]",10.85337484255433,3,0.6943908192822877,0.6943908929824829,2831,2831,"Itemized statement The landlord or the landlord’s agent may perform the inspection if the tenant is not present, unless the tenant previously withdrew their req",corpus/hw03/ca_landlord_tenant_guide_2026.pdf,86,True
semantic,q2,How long does a California landlord have after a tenant moves out to return the security deposit or provide an itemized statement of deductions?,corpus/hw03/ca_landlord_tenant_guide_2026.pdf,sentence-transformers/all-MiniLM-L6-v2,384,"[0.05889129266142845, 0.034048229455947876, 0.02953071892261505, 0.043535515666007996, 0.019900131970643997, 0.0047522904351353645, -0.03806595131754875, -0.04374045506119728]",[384],"[5, 384]",10.85337484255433,4,0.6885712811511453,0.6885712742805481,2025,2025,"76 month’s rent, as security deposit.335 REFUND OF SECURITY DEPOSITS Common problems and how to avoid them One of the most common disagreements between landlord",corpus/hw03/ca_landlord_tenant_guide_2026.pdf,82,True
semantic,q2,How long does a California landlord have after a tenant moves out to return the security deposit or provide an itemized statement of deductions?,corpus/hw03/ca_landlord_tenant_guide_2026.pdf,sentence-transformers/all-MiniLM-L6-v2,384,"[0.05889129266142845, 0.034048229455947876, 0.02953071892261505, 0.043535515666007996, 0.019900131970643997, 0.0047522904351353645, -0.03806595131754875, -0.04374045506119728]",[384],"[5, 384]",10.85337484255433,5,0.6789503242042669,0.678950309753418,1058,1058,"See additional suggestions regarding the inventory checklist on page 131, and “Refunds of Security Deposits,” pages 75-78. TERMINATIONS AND EVICTIONS COVID-19 R",corpus/hw03/ca_landlord_tenant_guide_2026.pdf,97,True
semantic,q3,May a California housing provider charge a pet deposit or extra rent for an assistance animal needed because of a disability?,corpus/hw03/ca_fair_housing_rights_booklet.pdf,sentence-transformers/all-MiniLM-L6-v2,384,"[0.018302608281373978, 0.005099670961499214, 0.06726841628551483, 0.07940012961626053, -0.044557079672813416, 0.061520546674728394, 0.0023757307790219784, -0.05217330530285835]",[384],"[5, 384]",9.00716707110405,1,0.7524284171538553,0.7524284720420837,1889,1889,"However, the landlord can require that some form of financial guarantee be put in place that is sufficient to pay for the properly required restoration. This ca",corpus/hw03/ca_landlord_tenant_guide_2026.pdf,36,False
semantic,q3,May a California housing provider charge a pet deposit or extra rent for an assistance animal needed because of a disability?,corpus/hw03/ca_fair_housing_rights_booklet.pdf,sentence-transformers/all-MiniLM-L6-v2,384,"[0.018302608281373978, 0.005099670961499214, 0.06726841628551483, 0.07940012961626053, -0.044557079672813416, 0.061520546674728394, 0.0023757307790219784, -0.05217330530285835]",[384],"[5, 384]",9.00716707110405,2,0.7241566497323533,0.7241566777229309,866,866,6. Assistance Animals 12 13 You Have The Right To Your Assistance Animal Housing providers must allow you to keep or acquire an assistance animal if necessary a,corpus/hw03/ca_fair_housing_rights_booklet.pdf,7,True
semantic,q3,May a California housing provider charge a pet deposit or extra rent for an assistance animal needed because of a disability?,corpus/hw03/ca_fair_housing_rights_booklet.pdf,sentence-transformers/all-MiniLM-L6-v2,384,"[0.018302608281373978, 0.005099670961499214, 0.06726841628551483, 0.07940012961626053, -0.044557079672813416, 0.061520546674728394, 0.0023757307790219784, -0.05217330530285835]",[384],"[5, 384]",9.00716707110405,3,0.6152392077387793,0.6152392625808716,993,993,"28 The written rental agreement should contain key terms, such as the following: • The names of the landlord and the tenant. • The address of the rental unit. •",corpus/hw03/ca_landlord_tenant_guide_2026.pdf,34,False
semantic,q3,May a California housing provider charge a pet deposit or extra rent for an assistance animal needed because of a disability?,corpus/hw03/ca_fair_housing_rights_booklet.pdf,sentence-transformers/all-MiniLM-L6-v2,384,"[0.018302608281373978, 0.005099670961499214, 0.06726841628551483, 0.07940012961626053, -0.044557079672813416, 0.061520546674728394, 0.0023757307790219784, -0.05217330530285835]",[384],"[5, 384]",9.00716707110405,4,0.6145963449203001,0.6145963668823242,573,573,Disability You Have The Right To Access Housing Regardless Of Disability You have the right to an interactive process with your housing provider to identify rea,corpus/hw03/ca_fair_housing_rights_booklet.pdf,7,True
semantic,q3,May a California housing provider charge a pet deposit or extra rent for an assistance animal needed because of a disability?,corpus/hw03/ca_fair_housing_rights_booklet.pdf,sentence-transformers/all-MiniLM-L6-v2,384,"[0.018302608281373978, 0.005099670961499214, 0.06726841628551483, 0.07940012961626053, -0.044557079672813416, 0.061520546674728394, 0.0023757307790219784, -0.05217330530285835]",[384],"[5, 384]",9.00716707110405,5,0.6080733933049988,0.6080734729766846,1575,1575,"30 Alterations to Accommodate a Tenant with a Disability Under fair housing laws, housing providers must make reasonable exceptions to neutral policies, practic",corpus/hw03/ca_landlord_tenant_guide_2026.pdf,36,False
semantic,q4,What must happen when a California residential lease is negotiated in a language other than English?,corpus/hw03/ca_fair_housing_rights_booklet.pdf,sentence-transformers/all-MiniLM-L6-v2,384,"[0.05572320520877838, 0.017491551116108894, -0.0056902337819337845, -0.02428814023733139, -0.11797232180833817, 0.07887930423021317, 0.03192397207021713, -0.07747972011566162]",[384],"[5, 384]",8.80175014026463,1,0.6636068600561595,0.6636068820953369,1048,1048,"If the parties specifically negotiate in Spanish, Chinese, Tagalog, Vietnamese or Korean, the landlord must give the tenant a written translation of the propose",corpus/hw03/ca_landlord_tenant_guide_2026.pdf,32,False
semantic,q4,What must happen when a California residential lease is negotiated in a language other than English?,corpus/hw03/ca_fair_housing_rights_booklet.pdf,sentence-transformers/all-MiniLM-L6-v2,384,"[0.05572320520877838, 0.017491551116108894, -0.0056902337819337845, -0.02428814023733139, -0.11797232180833817, 0.07887930423021317, 0.03192397207021713, -0.07747972011566162]",[384],"[5, 384]",8.80175014026463,2,0.6603083134596447,0.6603083610534668,1770,1770,"27 landlord must provide the tenant with the written translation of the rental agreement prior to the execution, or signing, of the rental agreement. However, t",corpus/hw03/ca_landlord_tenant_guide_2026.pdf,33,False
semantic,q4,What must happen when a California residential lease is negotiated in a language other than English?,corpus/hw03/ca_fair_housing_rights_booklet.pdf,sentence-transformers/all-MiniLM-L6-v2,384,"[0.05572320520877838, 0.017491551116108894, -0.0056902337819337845, -0.02428814023733139, -0.11797232180833817, 0.07887930423021317, 0.03192397207021713, -0.07747972011566162]",[384],"[5, 384]",8.80175014026463,3,0.6485997960872593,0.6485998630523682,536,536,"5. Language You Have The Right To Use Your Preferred Language Private housing providers don’t have to provide you with a translator, but they must speak with a ",corpus/hw03/ca_fair_housing_rights_booklet.pdf,6,True
semantic,q4,What must happen when a California residential lease is negotiated in a language other than English?,corpus/hw03/ca_fair_housing_rights_booklet.pdf,sentence-transformers/all-MiniLM-L6-v2,384,"[0.05572320520877838, 0.017491551116108894, -0.0056902337819337845, -0.02428814023733139, -0.11797232180833817, 0.07887930423021317, 0.03192397207021713, -0.07747972011566162]",[384],"[5, 384]",8.80175014026463,4,0.5474591303639217,0.5474591851234436,2152,2152,"139 132 Civ. Code § 1940.7. 133 Civ. Code § 1710.2. 134 Gov. Code § 66459; California Practice Guide, Landlord-Tenant, §§ 5:306-5:313.9 (Rutter Group 2021). See",corpus/hw03/ca_landlord_tenant_guide_2026.pdf,145,False
semantic,q4,What must happen when a California residential lease is negotiated in a language other than English?,corpus/hw03/ca_fair_housing_rights_booklet.pdf,sentence-transformers/all-MiniLM-L6-v2,384,"[0.05572320520877838, 0.017491551116108894, -0.0056902337819337845, -0.02428814023733139, -0.11797232180833817, 0.07887930423021317, 0.03192397207021713, -0.07747972011566162]",[384],"[5, 384]",8.80175014026463,5,0.49751105071193336,0.4975111186504364,481,481,"Code §§ 1954.201, 1954.204 and 1954.216. 106 Civ. Code § 1632(b). The purpose of this law is to ensure that the Spanish-, Chinese-, Tagalog-, Vietnamese-, or Ko",corpus/hw03/ca_landlord_tenant_guide_2026.pdf,144,False
semantic,q5,How long after an alleged housing discrimination incident occurs or ends does a person have to file a complaint with HUD?,corpus/hw03/hud_fair_housing_booklet.pdf,sentence-transformers/all-MiniLM-L6-v2,384,"[-0.03255224600434303, 0.010403217747807503, 0.03188278153538704, 0.04800838977098465, 0.046332065016031265, -0.02068500407040119, -0.08861401677131653, -0.08840128779411316]",[384],"[5, 384]",9.26583306863904,1,0.8083746686634746,0.8083747029304504,981,981,In Addition You May File a Private Lawsuit: You may file a private civil lawsuit without first filing a complaint with HUD. You must file your lawsuit within tw,corpus/hw03/hud_fair_housing_booklet.pdf,18,True
semantic,q5,How long after an alleged housing discrimination incident occurs or ends does a person have to file a complaint with HUD?,corpus/hw03/hud_fair_housing_booklet.pdf,sentence-transformers/all-MiniLM-L6-v2,384,"[-0.03255224600434303, 0.010403217747807503, 0.03188278153538704, 0.04800838977098465, 0.046332065016031265, -0.02068500407040119, -0.08861401677131653, -0.08840128779411316]",[384],"[5, 384]",9.26583306863904,2,0.7493310643679041,0.7493311166763306,1050,1050,"If you think your rights have been violated, you may file a complaint online, write a letter or telephone the HUD office nearest you. You have one year after th",corpus/hw03/hud_fair_housing_booklet.pdf,10,True
semantic,q5,How long after an alleged housing discrimination incident occurs or ends does a person have to file a complaint with HUD?,corpus/hw03/hud_fair_housing_booklet.pdf,sentence-transformers/all-MiniLM-L6-v2,384,"[-0.03255224600434303, 0.010403217747807503, 0.03188278153538704, 0.04800838977098465, 0.046332065016031265, -0.02068500407040119, -0.08861401677131653, -0.08840128779411316]",[384],"[5, 384]",9.26583306863904,3,0.7490681523440944,0.7490682005882263,676,676,"HUD also will: • Notify the alleged violator (respondent) of the filing of your complaint, and allow the respondent time to submit a written answer to the compl",corpus/hw03/hud_fair_housing_booklet.pdf,14,True
semantic,q5,How long after an alleged housing discrimination incident occurs or ends does a person have to file a complaint with HUD?,corpus/hw03/hud_fair_housing_booklet.pdf,sentence-transformers/all-MiniLM-L6-v2,384,"[-0.03255224600434303, 0.010403217747807503, 0.03188278153538704, 0.04800838977098465, 0.046332065016031265, -0.02068500407040119, -0.08861401677131653, -0.08840128779411316]",[384],"[5, 384]",9.26583306863904,4,0.6985367173510599,0.69853675365448,1333,1333,"23 status. To contact HUD, look in the governmental section of the phone book under United States Government Offices, or go to www.hud.gov. • Legal aid organiza",corpus/hw03/ca_landlord_tenant_guide_2026.pdf,29,False
semantic,q5,How long after an alleged housing discrimination incident occurs or ends does a person have to file a complaint with HUD?,corpus/hw03/hud_fair_housing_booklet.pdf,sentence-transformers/all-MiniLM-L6-v2,384,"[-0.03255224600434303, 0.010403217747807503, 0.03188278153538704, 0.04800838977098465, 0.046332065016031265, -0.02068500407040119, -0.08861401677131653, -0.08840128779411316]",[384],"[5, 384]",9.26583306863904,5,0.6960943188456472,0.6960943341255188,1759,1759,"FAIR HOUSING Equal Opportunity for All A Conciliation Agreement provides individual relief to you, and protects the public interest by deterring future discrimi",corpus/hw03/hud_fair_housing_booklet.pdf,15,True
sentence_window,q1,"What is the maximum security deposit a California landlord may generally charge, and what exception applies to qualifying small landlords?",corpus/hw03/ca_landlord_tenant_guide_2026.pdf,sentence-transformers/all-MiniLM-L6-v2,384,"[0.136349618434906, 0.020249418914318085, -0.025697939097881317, 0.04742516204714775, 0.008216301910579205, 0.02836373820900917, 0.006583324167877436, -0.01705320179462433]",[384],"[5, 384]",40.89579195715487,1,0.7814435997663047,0.4429461359977722,67,835,"If a landlord who is required to provide a written translation of a lease or rental agreement in one of these languages fails to do so, the tenant can rescind (",corpus/hw03/ca_landlord_tenant_guide_2026.pdf,33,True
sentence_window,q1,"What is the maximum security deposit a California landlord may generally charge, and what exception applies to qualifying small landlords?",corpus/hw03/ca_landlord_tenant_guide_2026.pdf,sentence-transformers/all-MiniLM-L6-v2,384,"[0.136349618434906, 0.020249418914318085, -0.025697939097881317, 0.04742516204714775, 0.008216301910579205, 0.02836373820900917, 0.006583324167877436, -0.01705320179462433]",[384],"[5, 384]",40.89579195715487,2,0.7652921077042578,0.721364438533783,265,1116,"141 This new law applies to furnished and unfurnished residences. The law does not allow for exceptions for pet deposits, key fees, or cleaning fees. For exampl",corpus/hw03/ca_landlord_tenant_guide_2026.pdf,41,True
sentence_window,q1,"What is the maximum security deposit a California landlord may generally charge, and what exception applies to qualifying small landlords?",corpus/hw03/ca_landlord_tenant_guide_2026.pdf,sentence-transformers/all-MiniLM-L6-v2,384,"[0.136349618434906, 0.020249418914318085, -0.025697939097881317, 0.04742516204714775, 0.008216301910579205, 0.02836373820900917, 0.006583324167877436, -0.01705320179462433]",[384],"[5, 384]",40.89579195715487,3,0.7449530616810323,0.6819440126419067,244,1425,"The law does not allow for exceptions for pet deposits, key fees, or cleaning fees. For example, there is no allowance for an additional pet deposit for tenants",corpus/hw03/ca_landlord_tenant_guide_2026.pdf,41,True
sentence_window,q1,"What is the maximum security deposit a California landlord may generally charge, and what exception applies to qualifying small landlords?",corpus/hw03/ca_landlord_tenant_guide_2026.pdf,sentence-transformers/all-MiniLM-L6-v2,384,"[0.136349618434906, 0.020249418914318085, -0.025697939097881317, 0.04742516204714775, 0.008216301910579205, 0.02836373820900917, 0.006583324167877436, -0.01705320179462433]",[384],"[5, 384]",40.89579195715487,4,0.743389497953664,0.7421788573265076,294,815,"Almost all landlords charge tenants a security deposit. The security deposit may be called last month’s rent, security deposit, pet deposit, key fee, or cleanin",corpus/hw03/ca_landlord_tenant_guide_2026.pdf,41,True
sentence_window,q1,"What is the maximum security deposit a California landlord may generally charge, and what exception applies to qualifying small landlords?",corpus/hw03/ca_landlord_tenant_guide_2026.pdf,sentence-transformers/all-MiniLM-L6-v2,384,"[0.136349618434906, 0.020249418914318085, -0.025697939097881317, 0.04742516204714775, 0.008216301910579205, 0.02836373820900917, 0.006583324167877436, -0.01705320179462433]",[384],"[5, 384]",40.89579195715487,5,0.7204769944443762,0.6631467342376709,144,811,"Before you move in, the landlord can only require you to pay up to one month’s rent as a security deposit ($1,000). The landlord also can require you to pay the",corpus/hw03/ca_landlord_tenant_guide_2026.pdf,41,True
sentence_window,q2,How long does a California landlord have after a tenant moves out to return the security deposit or provide an itemized statement of deductions?,corpus/hw03/ca_landlord_tenant_guide_2026.pdf,sentence-transformers/all-MiniLM-L6-v2,384,"[0.05889129266142845, 0.034048229455947876, 0.02953071892261505, 0.043535515666007996, 0.019900131970643997, 0.0047522904351353645, -0.03806595131754875, -0.04374045506119728]",[384],"[5, 384]",34.30275013670325,1,0.7662081989174863,0.5667780041694641,159,657,"• Clean soap scum in bathtub. Suppose that you scrub the bathtub until it sparkles, but do not undertake any of the repairs or wash the windows. After you move ",corpus/hw03/ca_landlord_tenant_guide_2026.pdf,88,True
sentence_window,q2,How long does a California landlord have after a tenant moves out to return the security deposit or provide an itemized statement of deductions?,corpus/hw03/ca_landlord_tenant_guide_2026.pdf,sentence-transformers/all-MiniLM-L6-v2,384,"[0.05889129266142845, 0.034048229455947876, 0.02953071892261505, 0.043535515666007996, 0.019900131970643997, 0.0047522904351353645, -0.03806595131754875, -0.04374045506119728]",[384],"[5, 384]",34.30275013670325,2,0.7434807306632883,0.6619424223899841,173,1003,"If you have a rental agreement, you may waive this right no earlier than 60 days before the term ends. The waiver form given to you by the landlord must include",corpus/hw03/ca_landlord_tenant_guide_2026.pdf,84,True
sentence_window,q2,How long does a California landlord have after a tenant moves out to return the security deposit or provide an itemized statement of deductions?,corpus/hw03/ca_landlord_tenant_guide_2026.pdf,sentence-transformers/all-MiniLM-L6-v2,384,"[0.05889129266142845, 0.034048229455947876, 0.02953071892261505, 0.043535515666007996, 0.019900131970643997, 0.0047522904351353645, -0.03806595131754875, -0.04374045506119728]",[384],"[5, 384]",34.30275013670325,3,0.734283440465884,0.7054944634437561,309,1154,"The security deposit cannot be used for repairing defects that existed in the unit before you moved in, for conditions caused by normal wear and tear during you",corpus/hw03/ca_landlord_tenant_guide_2026.pdf,82,True
sentence_window,q2,How long does a California landlord have after a tenant moves out to return the security deposit or provide an itemized statement of deductions?,corpus/hw03/ca_landlord_tenant_guide_2026.pdf,sentence-transformers/all-MiniLM-L6-v2,384,"[0.05889129266142845, 0.034048229455947876, 0.02953071892261505, 0.043535515666007996, 0.019900131970643997, 0.0047522904351353645, -0.03806595131754875, -0.04374045506119728]",[384],"[5, 384]",34.30275013670325,4,0.7015882140754859,0.6579362750053406,419,2689,"36 A landlord cannot require that a se curity deposit be nonrefundable.146 However, when you move out of the rental, the law allows the landlord to keep all or ",corpus/hw03/ca_landlord_tenant_guide_2026.pdf,42,True
sentence_window,q2,How long does a California landlord have after a tenant moves out to return the security deposit or provide an itemized statement of deductions?,corpus/hw03/ca_landlord_tenant_guide_2026.pdf,sentence-transformers/all-MiniLM-L6-v2,384,"[0.05889129266142845, 0.034048229455947876, 0.02953071892261505, 0.043535515666007996, 0.019900131970643997, 0.0047522904351353645, -0.03806595131754875, -0.04374045506119728]",[384],"[5, 384]",34.30275013670325,5,0.7005438359888738,0.6507694721221924,593,1305,Neither defect was listed in the landlord’s itemized statement. Suppose that yo ur landlord nonetheless makes deductions from your security deposit to repair th,corpus/hw03/ca_landlord_tenant_guide_2026.pdf,89,True
sentence_window,q3,May a California housing provider charge a pet deposit or extra rent for an assistance animal needed because of a disability?,corpus/hw03/ca_fair_housing_rights_booklet.pdf,sentence-transformers/all-MiniLM-L6-v2,384,"[0.018302608281373978, 0.005099670961499214, 0.06726841628551483, 0.07940012961626053, -0.044557079672813416, 0.061520546674728394, 0.0023757307790219784, -0.05217330530285835]",[384],"[5, 384]",35.39537498727441,1,0.7388183080972852,0.7168967723846436,269,713,6. Assistance Animals 12 13 You Have The Right To Your Assistance Animal Housing providers must allow you to keep or acquire an assistance animal if necessary a,corpus/hw03/ca_fair_housing_rights_booklet.pdf,7,True
sentence_window,q3,May a California housing provider charge a pet deposit or extra rent for an assistance animal needed because of a disability?,corpus/hw03/ca_fair_housing_rights_booklet.pdf,sentence-transformers/all-MiniLM-L6-v2,384,"[0.018302608281373978, 0.005099670961499214, 0.06726841628551483, 0.07940012961626053, -0.044557079672813416, 0.061520546674728394, 0.0023757307790219784, -0.05217330530285835]",[384],"[5, 384]",35.39537498727441,2,0.7183220416853658,0.7481600642204285,462,1361,"Yet, most modifications will not require restoration. The landlord cannot require an additional security deposit in this situation. However, the landlord can re",corpus/hw03/ca_landlord_tenant_guide_2026.pdf,36,False
sentence_window,q3,May a California housing provider charge a pet deposit or extra rent for an assistance animal needed because of a disability?,corpus/hw03/ca_fair_housing_rights_booklet.pdf,sentence-transformers/all-MiniLM-L6-v2,384,"[0.018302608281373978, 0.005099670961499214, 0.06726841628551483, 0.07940012961626053, -0.044557079672813416, 0.061520546674728394, 0.0023757307790219784, -0.05217330530285835]",[384],"[5, 384]",35.39537498727441,3,0.7115474047590891,0.5780655145645142,128,1136,"As of July 1, 2024, landlords will be limited to an amount of no more than one month’s rent that they can charge as a security deposit. 141 This new law applies",corpus/hw03/ca_landlord_tenant_guide_2026.pdf,41,False
sentence_window,q3,May a California housing provider charge a pet deposit or extra rent for an assistance animal needed because of a disability?,corpus/hw03/ca_fair_housing_rights_booklet.pdf,sentence-transformers/all-MiniLM-L6-v2,384,"[0.018302608281373978, 0.005099670961499214, 0.06726841628551483, 0.07940012961626053, -0.044557079672813416, 0.061520546674728394, 0.0023757307790219784, -0.05217330530285835]",[384],"[5, 384]",35.39537498727441,4,0.6606290992920304,0.7347538471221924,210,867,6. Assistance Animals 12 13 You Have The Right To Your Assistance Animal Housing providers must allow you to keep or acquire an assistance animal if necessary a,corpus/hw03/ca_fair_housing_rights_booklet.pdf,7,True
sentence_window,q3,May a California housing provider charge a pet deposit or extra rent for an assistance animal needed because of a disability?,corpus/hw03/ca_fair_housing_rights_booklet.pdf,sentence-transformers/all-MiniLM-L6-v2,384,"[0.018302608281373978, 0.005099670961499214, 0.06726841628551483, 0.07940012961626053, -0.044557079672813416, 0.061520546674728394, 0.0023757307790219784, -0.05217330530285835]",[384],"[5, 384]",35.39537498727441,5,0.6441779630652573,0.6500774025917053,180,1027,"30 Alterations to Accommodate a Tenant with a Disability Under fair housing laws, housing providers must make reasonable exceptions to neutral policies, practic",corpus/hw03/ca_landlord_tenant_guide_2026.pdf,36,False
sentence_window,q4,What must happen when a California residential lease is negotiated in a language other than English?,corpus/hw03/ca_fair_housing_rights_booklet.pdf,sentence-transformers/all-MiniLM-L6-v2,384,"[0.05572320520877838, 0.017491551116108894, -0.0056902337819337845, -0.02428814023733139, -0.11797232180833817, 0.07887930423021317, 0.03192397207021713, -0.07747972011566162]",[384],"[5, 384]",35.94770818017423,1,0.7688150519144267,0.5558685064315796,65,1772,"102 If a public municipal utility company provides utility service to a dwelling unit and the utility service is in the landlord’s name, a tenant may be able to",corpus/hw03/ca_landlord_tenant_guide_2026.pdf,32,False
sentence_window,q4,What must happen when a California residential lease is negotiated in a language other than English?,corpus/hw03/ca_fair_housing_rights_booklet.pdf,sentence-transformers/all-MiniLM-L6-v2,384,"[0.05572320520877838, 0.017491551116108894, -0.0056902337819337845, -0.02428814023733139, -0.11797232180833817, 0.07887930423021317, 0.03192397207021713, -0.07747972011566162]",[384],"[5, 384]",35.94770818017423,2,0.7501202588460884,0.5786436796188354,86,189,113 Civ. Code § 2079.10a; Penal (“Pen.”) Code § 290.46. The required language differs depending on the date of the lease or rental agreement. See Appendix 5. 11,corpus/hw03/ca_landlord_tenant_guide_2026.pdf,144,False
sentence_window,q4,What must happen when a California residential lease is negotiated in a language other than English?,corpus/hw03/ca_fair_housing_rights_booklet.pdf,sentence-transformers/all-MiniLM-L6-v2,384,"[0.05572320520877838, 0.017491551116108894, -0.0056902337819337845, -0.02428814023733139, -0.11797232180833817, 0.07887930423021317, 0.03192397207021713, -0.07747972011566162]",[384],"[5, 384]",35.94770818017423,3,0.7493192850107468,0.6369513273239136,98,738,"What constitutes a reasonable limitation depends on a variety of considerations, including local building codes, square footage, sewage system limitations, and ",corpus/hw03/ca_fair_housing_rights_booklet.pdf,6,True
sentence_window,q4,What must happen when a California residential lease is negotiated in a language other than English?,corpus/hw03/ca_fair_housing_rights_booklet.pdf,sentence-transformers/all-MiniLM-L6-v2,384,"[0.05572320520877838, 0.017491551116108894, -0.0056902337819337845, -0.02428814023733139, -0.11797232180833817, 0.07887930423021317, 0.03192397207021713, -0.07747972011566162]",[384],"[5, 384]",35.94770818017423,4,0.6922261168061399,0.6678645014762878,411,1576,"Ask the landlord if the dwelling unit that you plan to rent has its own water meter or submeter. If it does not, and if the landlord will bill you for water or ",corpus/hw03/ca_landlord_tenant_guide_2026.pdf,32,False
sentence_window,q4,What must happen when a California residential lease is negotiated in a language other than English?,corpus/hw03/ca_fair_housing_rights_booklet.pdf,sentence-transformers/all-MiniLM-L6-v2,384,"[0.05572320520877838, 0.017491551116108894, -0.0056902337819337845, -0.02428814023733139, -0.11797232180833817, 0.07887930423021317, 0.03192397207021713, -0.07747972011566162]",[384],"[5, 384]",35.94770818017423,5,0.6569709503476061,0.45331278443336487,53,786,"Hiring of Real Property: Dwellings: Untenantability. Requires a rental unit on or after January 1, 2026, to have a working stove and refrigerator to be deemed h",corpus/hw03/ca_landlord_tenant_guide_2026.pdf,9,False
sentence_window,q5,How long after an alleged housing discrimination incident occurs or ends does a person have to file a complaint with HUD?,corpus/hw03/hud_fair_housing_booklet.pdf,sentence-transformers/all-MiniLM-L6-v2,384,"[-0.03255224600434303, 0.010403217747807503, 0.03188278153538704, 0.04800838977098465, 0.046332065016031265, -0.02068500407040119, -0.08861401677131653, -0.08840128779411316]",[384],"[5, 384]",36.5056658629328,1,0.8472799313605429,0.6842961311340332,144,1253,"The “housing for older persons” exemption does not protect senior housing facilities or communities from liability for housing discrimination based on race, col",corpus/hw03/hud_fair_housing_booklet.pdf,10,True
sentence_window,q5,How long after an alleged housing discrimination incident occurs or ends does a person have to file a complaint with HUD?,corpus/hw03/hud_fair_housing_booklet.pdf,sentence-transformers/all-MiniLM-L6-v2,384,"[-0.03255224600434303, 0.010403217747807503, 0.03188278153538704, 0.04800838977098465, 0.046332065016031265, -0.02068500407040119, -0.08861401677131653, -0.08840128779411316]",[384],"[5, 384]",36.5056658629328,2,0.8050299900243979,0.7256417870521545,217,1172,Department of Justice to file suit against the respondent in Federal District Court to enforce the terms of the Agreement. Complaint Referrals to State or Local,corpus/hw03/hud_fair_housing_booklet.pdf,15,True
sentence_window,q5,How long after an alleged housing discrimination incident occurs or ends does a person have to file a complaint with HUD?,corpus/hw03/hud_fair_housing_booklet.pdf,sentence-transformers/all-MiniLM-L6-v2,384,"[-0.03255224600434303, 0.010403217747807503, 0.03188278153538704, 0.04800838977098465, 0.046332065016031265, -0.02068500407040119, -0.08861401677131653, -0.08840128779411316]",[384],"[5, 384]",36.5056658629328,3,0.7253017937642307,0.7215409874916077,150,784,HUD will notify you in writing when your complaint is accepted for filing under the Fair Housing Act. HUD also will: • Notify the alleged violator (respondent) ,corpus/hw03/hud_fair_housing_booklet.pdf,14,True
sentence_window,q5,How long after an alleged housing discrimination incident occurs or ends does a person have to file a complaint with HUD?,corpus/hw03/hud_fair_housing_booklet.pdf,sentence-transformers/all-MiniLM-L6-v2,384,"[-0.03255224600434303, 0.010403217747807503, 0.03188278153538704, 0.04800838977098465, 0.046332065016031265, -0.02068500407040119, -0.08861401677131653, -0.08840128779411316]",[384],"[5, 384]",36.5056658629328,4,0.7183314350923105,0.5884674787521362,102,1234,"FAIR HOUSING Equal Opportunity for All If after contacting the local office nearest you, you still have questions – you may contact HUD further at: U.S. Departm",corpus/hw03/hud_fair_housing_booklet.pdf,14,True
sentence_window,q5,How long after an alleged housing discrimination incident occurs or ends does a person have to file a complaint with HUD?,corpus/hw03/hud_fair_housing_booklet.pdf,sentence-transformers/all-MiniLM-L6-v2,384,"[-0.03255224600434303, 0.010403217747807503, 0.03188278153538704, 0.04800838977098465, 0.046332065016031265, -0.02068500407040119, -0.08861401677131653, -0.08840128779411316]",[384],"[5, 384]",36.5056658629328,5,0.7027657965454143,0.7520291209220886,167,948,The State or local agency will investigate your complaint under the “substantially equivalent” State or local civil rights law or ordinance. The State or local ,corpus/hw03/hud_fair_housing_booklet.pdf,15,True
