failure_rate,call_number,success,latency_ms,attempts,injected_failures,error
0.0,1,True,20.232,1,0,
0.0,2,True,0.628,1,0,
0.0,3,True,0.564,1,0,
0.0,4,True,1.289,1,0,
0.0,5,True,0.546,1,0,
0.0,6,True,0.531,1,0,
0.0,7,True,0.55,1,0,
0.0,8,True,0.77,1,0,
0.0,9,True,0.544,1,0,
0.0,10,True,0.53,1,0,
0.0,11,True,0.557,1,0,
0.0,12,True,0.736,1,0,
0.0,13,True,0.555,1,0,
0.0,14,True,0.519,1,0,
0.0,15,True,0.514,1,0,
0.0,16,True,0.507,1,0,
0.0,17,True,0.514,1,0,
0.0,18,True,0.52,1,0,
0.0,19,True,0.518,1,0,
0.0,20,True,0.526,1,0,
0.0,21,True,0.505,1,0,
0.0,22,True,0.513,1,0,
0.0,23,True,0.422,1,0,
0.0,24,True,0.428,1,0,
0.0,25,True,0.418,1,0,
0.0,26,True,0.419,1,0,
0.0,27,True,0.418,1,0,
0.0,28,True,0.417,1,0,
0.0,29,True,0.415,1,0,
0.0,30,True,0.484,1,0,
0.0,31,True,1.338,1,0,
0.0,32,True,0.378,1,0,
0.0,33,True,0.366,1,0,
0.0,34,True,0.395,1,0,
0.0,35,True,0.401,1,0,
0.0,36,True,0.34,1,0,
0.0,37,True,0.317,1,0,
0.0,38,True,0.369,1,0,
0.0,39,True,0.367,1,0,
0.0,40,True,0.387,1,0,
0.0,41,True,0.369,1,0,
0.0,42,True,0.363,1,0,
0.0,43,True,0.367,1,0,
0.0,44,True,0.375,1,0,
0.0,45,True,0.37,1,0,
0.0,46,True,0.37,1,0,
0.0,47,True,0.362,1,0,
0.0,48,True,0.37,1,0,
0.0,49,True,0.434,1,0,
0.0,50,True,0.31,1,0,
0.2,1,True,13.17,2,1,
0.2,2,True,0.387,1,0,
0.2,3,True,0.472,1,0,
0.2,4,False,37.588,3,3,database operation failed after 3 attempts
0.2,5,True,0.969,1,0,
0.2,6,True,0.656,1,0,
0.2,7,True,0.564,1,0,
0.2,8,True,0.558,1,0,
0.2,9,True,0.579,1,0,
0.2,10,True,0.556,1,0,
0.2,11,True,0.53,1,0,
0.2,12,True,0.56,1,0,
0.2,13,True,0.551,1,0,
0.2,14,True,0.548,1,0,
0.2,15,True,0.546,1,0,
0.2,16,True,0.542,1,0,
0.2,17,True,0.54,1,0,
0.2,18,True,13.342,2,1,
0.2,19,True,0.622,1,0,
0.2,20,True,16.098,2,1,
0.2,21,True,1.041,1,0,
0.2,22,False,37.001,3,3,database operation failed after 3 attempts
0.2,23,True,1.409,1,0,
0.2,24,True,1.125,1,0,
0.2,25,True,38.206,3,2,
0.2,26,True,0.623,1,0,
0.2,27,True,0.617,1,0,
0.2,28,True,13.313,2,1,
0.2,29,True,0.69,1,0,
0.2,30,True,1.626,1,0,
0.2,31,True,0.656,1,0,
0.2,32,True,13.82,2,1,
0.2,33,True,0.902,1,0,
0.2,34,True,0.589,1,0,
0.2,35,True,0.573,1,0,
0.2,36,True,1.023,1,0,
0.2,37,True,0.599,1,0,
0.2,38,True,0.577,1,0,
0.2,39,True,0.543,1,0,
0.2,40,True,0.518,1,0,
0.2,41,True,0.498,1,0,
0.2,42,True,0.531,1,0,
0.2,43,True,0.519,1,0,
0.2,44,True,0.485,1,0,
0.2,45,True,0.457,1,0,
0.2,46,True,0.376,1,0,
0.2,47,True,0.459,1,0,
0.2,48,True,0.439,1,0,
0.2,49,True,13.331,2,1,
0.2,50,True,1.156,1,0,
0.5,1,True,39.003,3,2,
0.5,2,True,1.43,1,0,
0.5,3,False,33.175,3,3,database operation failed after 3 attempts
0.5,4,True,1.01,1,0,
0.5,5,True,0.805,1,0,
0.5,6,True,13.544,2,1,
0.5,7,True,14.009,2,1,
0.5,8,True,13.889,2,1,
0.5,9,True,0.76,1,0,
0.5,10,True,0.631,1,0,
0.5,11,True,13.325,2,1,
0.5,12,True,0.642,1,0,
0.5,13,True,11.579,2,1,
0.5,14,True,0.661,1,0,
0.5,15,True,13.964,2,1,
0.5,16,True,0.721,1,0,
0.5,17,False,32.627,3,3,database operation failed after 3 attempts
0.5,18,True,1.226,1,0,
0.5,19,True,0.549,1,0,
0.5,20,True,33.714,3,2,
0.5,21,True,11.965,2,1,
0.5,22,True,13.672,2,1,
0.5,23,True,0.824,1,0,
0.5,24,True,0.831,1,0,
0.5,25,True,0.857,1,0,
0.5,26,True,13.63,2,1,
0.5,27,True,0.783,1,0,
0.5,28,True,0.804,1,0,
0.5,29,True,0.725,1,0,
0.5,30,True,13.511,2,1,
0.5,31,True,13.914,2,1,
0.5,32,True,11.645,2,1,
0.5,33,True,0.65,1,0,
0.5,34,True,11.32,2,1,
0.5,35,True,0.682,1,0,
0.5,36,True,1.152,1,0,
0.5,37,True,0.626,1,0,
0.5,38,True,0.632,1,0,
0.5,39,True,36.865,3,2,
0.5,40,True,38.542,3,2,
0.5,41,True,1.469,1,0,
0.5,42,True,13.487,2,1,
0.5,43,True,14.971,2,1,
0.5,44,True,1.807,1,0,
0.5,45,True,36.243,3,2,
0.5,46,True,11.848,2,1,
0.5,47,True,0.722,1,0,
0.5,48,True,13.658,2,1,
0.5,49,False,37.589,3,3,database operation failed after 3 attempts
0.5,50,True,13.756,2,1,
